id,gene_stability,speed,agility,intelligence,endurance,strength,fertility,bite_size
8,4.0,3.0,3.0,4.0,6.0,5.0,3.0,5.0
0,6.0,2.0,3.0,2.0,3.0,5.0,7.0,5.0
7,1.0,5.0,2.0,3.0,7.0,6.0,1.0,2.0
9,5.0,5.0,2.0,5.0,4.0,5.0,3.0,4.0
6,3.0,3.0,5.0,5.0,5.0,3.0,1.0,9.0
12,0.8999999999999988,1.3999999999999986,4.400000000000006,6.400000000000006,7.900000000000006,3.400000000000003,1.8999999999999986,3.400000000000003
10,2.0,3.25,3.0,4.25,6.0,4.625,2.625,3.0
